,search_query,product_name,validation
0,Professional Cordless Drill Set with Accessories,DeWALT 88V cordless impact wrench with accessories kit set screwdriver drill cordless impact driver,1.0
1,Professional Cordless Drill Set with Accessories,NewSun DeWALT Cordless Drill Driver 28V 2-Speed with 2 Li-ion Batteries and Free Accessories Kit Set,1.0
2,Professional Cordless Drill Set with Accessories,2in1 Set Electric Impact Drill And Angle Grinder With Complete Accessories,1.0
3,Professional Cordless Drill Set with Accessories,【Professional Grinder Set  Drill】Mitsushi  2 in 1 Electric Drill and Angle Grinder with Accessories Set Original Angle Grinder and Impact Wrench Cordless Heavy Duty Set Professional Power Tools,1.0
4,Professional Cordless Drill Set with Accessories,Cordless Impact Wrench With 1 Li-ion Batteries And Accessories Kit Set,0.0
5,Professional Cordless Drill Set with Accessories,【COD】 Original Germany 2 in 1 Angle Grinder + Impact Drill Power Tool Set Professional Industrial Impact Drill and Grinder set With Accessories and Drivers,1.0
6,Professional Cordless Drill Set with Accessories,2 in 1 Grinder With Drill Set,1.0
7,Professional Cordless Drill Set with Accessories,2PC  Grinder With Drill Set Red Tool,1.0
8,Professional Cordless Drill Set with Accessories,MAKlTA Cordless Electric Drill Cordless Hand Drill Driver Two-speed Impact Hammer 149v 2 Battery Rechargeable Cordless Drill Set Original Heavy Duty Power Tools Impact Drivers Set Kit  Electric Screwdriver Drills & Drivers,1.0
9,Professional Cordless Drill Set with Accessories,TUOYE Tools Cordless Rechargeable Handy Drill Screwdriver 45 pcs. Set with Bits Holder,1.0
10,Professional Cordless Drill Set with Accessories,TUOYE Tools Cordless Rechargeable Handy Drill Screwdriver 45 pcs. Set with Bits Holder,1.0
11,Professional Cordless Drill Set with Accessories,TUOYE Tools Cordless Rechargeable Handy Drill Screwdriver 45 pcs. Set with Bits Holder,1.0
12,Professional Cordless Drill Set with Accessories,Professional Astronomical Telescope Stargazing Mirror Set Star With,0.0
13,Professional Cordless Drill Set with Accessories,VILLACURTAIN - GRINDER WITH DRILL 2PCS  ELECTRIC SET,1.0
14,Professional Cordless Drill Set with Accessories,SECURITY GUARD SET NECKTIE WITH CLIP AND ACCESSORIES,0.0
15,Professional Cordless Drill Set with Accessories,【Fast Shipping】 Woodworking Drill Locator Built-in 1/4In Hexagonal Machine with Accessories Drill Tools Auto-line Drill Guide Bench Drill Press Drill-Locator,1.0
16,Professional Cordless Drill Set with Accessories,【588VF/Free Full Set of Accessories】 880N.M Impact Wrench Cordless Set   Large Torque Electric Impact Wrench Drill Electric Screwdriver with 1/2 Batteries and Charger Complete Accessories,1.0
17,Professional Cordless Drill Set with Accessories,Nan wei Brushless cordless  electric with hammer impact drill Portable chargeable heavy-duty concrete tools set,1.0
18,Professional Cordless Drill Set with Accessories,(VARIATION) Electric Rivet Nut Riveting Tool Cordless Riveting Drill Adaptor Insert Nut Tool  / 48VF Cordless Drill Electric Screwdriver Drill Set Mini Wireless Power Driver 25 Torque with 2 Lithium-Ion Battery,1.0
19,Professional Cordless Drill Set with Accessories,Grinder and Drill Set 980W Angle Grinder 1000W impact drill 2 in 1 Power Tool Set with boxes,1.0
20,Professional Cordless Drill Set with Accessories,Accessories,0.0
21,Professional Cordless Drill Set with Accessories,Ultra-large Capacity Battery Cordless Impact Drill Electric Screwdriver Power Drill 34pcs Accessories 2-Speed 1288vf,1.0
22,Professional Cordless Drill Set with Accessories,LABADA SET WITH BASIN,0.0
23,Professional Cordless Drill Set with Accessories,4in1 Bedding Set with Comforter Bedsheet Set,0.0
24,Professional Cordless Drill Set with Accessories,MOLD PAINTING SET (UNICORN SET WITH FREEBIES),0.0
25,Professional Cordless Drill Set with Accessories,"Ace BT8-2 8"" Professional Sub-woofer Speaker set with Amplifier",0.0
26,Professional Cordless Drill Set with Accessories,【Chrissole】3PCS Nitrogen Step Drill Bits Set 3-32mm HSS Wood Metal Hole Cutter Core Drill Bit Set Nitrogen Coated Drilling Power Tools Set Reaming step drill and pagoda drill,1.0
27,Professional Cordless Drill Set with Accessories,Cordless Hammer Brushless Electric Hammer Portable Chargeable Rotary Hammer Drill Cordless Impact Drill Heavy Duty Brushless Rotary Hammer Drill Multifunctional Impact Drill Electric Hammer Drill For Home Professional Concrete Industry Chisel Set Tools,1.0
28,Professional Cordless Drill Set with Accessories,with locks 5000pcs bids accessories set  diy bracelet kit complete set Arts & Crafts - Beads accessories kit set bracelet making kit set bids accessories set design bracelet maker set  complete bracelet making set letters for bracelet making bracelet set,0.0
29,Professional Cordless Drill Set with Accessories,1pc Drill Dust Collector Power Tool Accessories Impact Drill Ash Bowl Must Have Accessories Drill Parts Dustproof Device,0.0
30,Professional Cordless Drill Set with Accessories,"Business01 Flyman L Allen with Handle Set 4,5,6mm with Y Allen with Variations Solo and Set",0.0
31,Professional Cordless Drill Set with Accessories,"MANSOON cordless rotary hammer drill brushless motor 26mm impact drill cordless rotary battery drill, concrete drill",1.0
32,Professional Cordless Drill Set with Accessories,2 in 1 Grinder With Drill Set ( LEIBAO ),1.0
33,Professional Cordless Drill Set with Accessories,jewelry set three in one set with box,0.0
34,Professional Cordless Drill Set with Accessories,45 Pcs Set Compact No Noise Cordless Rechargeable Drill Screwdriver,1.0
35,Professional Cordless Drill Set with Accessories,2IN1 Electric IMPACT DRILL AND Angle GRINDER WITH COMPLETE ACCESSORIES,1.0
36,Professional Cordless Drill Set with Accessories,Cordless Impact Wrench Heavy Duty Japan Electtic Drill Set Japan Made Impact Wrench Drill Cordless Rechargeable  Power Tools Set Original Brushless For Motorcycle And For Car,1.0
37,Professional Cordless Drill Set with Accessories,SECURITY GUARD SET ACCESSORIES (NECKTIE WTH CLIP/ LANYAD WITH PITO/BADGE/COLLARPIN,0.0
38,Professional Cordless Drill Set with Accessories,【11.11 PROMOTION】458V Professional Brushless Heavy Duty Rotary Hammer Drill Cordless Impact Drill 4 Function Demolition Kit,1.0
39,Professional Cordless Drill Set with Accessories,2in1 Impact Drill and Angle Grinder with accessories 1 set in toolbox Combo Kits (1159) J.LD TOOLS 2023,1.0
40,Educational STEM Building Blocks Set,Educational Building Blocks + Drawing Board,1.0
41,Educational STEM Building Blocks Set,Marble game building blocks double fight large building blocks plastic funnel slide DIY assembled building blocks children's toy,1.0
42,Educational STEM Building Blocks Set,Marble game building blocks double fight large building blocks plastic funnel slide DIY assembled building blocks children's toy,1.0
43,Educational STEM Building Blocks Set,Mini Magnetic Blocks Designer Construction Set Model Building Toy Plastic Magnetic Blocks Educational Toys For Kids Gif,1.0
44,Educational STEM Building Blocks Set,Archimedrix Tiles 25pc Set Educational STEM Magnetic Toys,1.0
45,Educational STEM Building Blocks Set,Yw shop Marble game building blocks double fight large building blocks plastic funnel slide DIY assembled building blocks children's toy,1.0
46,Educational STEM Building Blocks Set,JOAOY Wooden Educational Toys | Building Blocks Kid Learning Toy Baby Montessori Early Learning Educational Colorful Wooden Blocks Educational Toy,1.0
47,Educational STEM Building Blocks Set,Building,0.0
48,Educational STEM Building Blocks Set,Millennium Imperial Spaceship 79211 Republic Gunship Set Kids Educational Building Blocks Bricks Christmas Gifts For Boys Gift,1.0
49,Educational STEM Building Blocks Set,New 691 Pieces 05065 The Y Model Wings Set Fighter Building Blocks Bricks Educational Toy Gift 75172,1.0
50,Educational STEM Building Blocks Set,Ellyfun Wooden Educational Toy Gift Set Shape Sorter Toys for Kids Educational Toys Blocks Puzzle,1.0
51,Educational STEM Building Blocks Set,Expression Puzzle  Building Blocks  Magic Cube Building Blocks  Game puzzle for Kid Gifts,1.0
52,Educational STEM Building Blocks Set,Ravensburger GraviTrax  extended set building set 29 piece 26094,1.0
53,Educational STEM Building Blocks Set,LED Light Kit For 76191 Infinity Gauntlet Lighting Set Building Blocks DIY Toys Set （NOT Include The Model）,1.0
54,Educational STEM Building Blocks Set,303-512pcs Legoing Size Marble Race Run DIY Maze Balls Building Blocks Funnel Slide Blocks Bricks Educational Toys Children,1.0
55,Educational STEM Building Blocks Set,Animal Paradise Slide Building Blocks Marble Race Run Ball Track Big Bricks STEM Set Toys Gift for Children Kids Toddlers,1.0
56,Educational STEM Building Blocks Set,283PCS Large Piano Slide Gear Rolling Wheels Marble Run Building Blocks Set Compatible Special Maze Cubes Parts STEM Kids Toys,1.0
57,Educational STEM Building Blocks Set,121 pcs Base Ten Blocks Set ONHAND !!!  Math Manipulative Resources Base Ten Color Decimal Carry Building Blocks Math Blocks,1.0
58,Educational STEM Building Blocks Set,170 Pcs Marble Run Building Blocks Classic Blocks STEM Toy Bricks Set Kids Race Track Compatible Various Track Models with All Major Brands for 3+ Boys Girls Toddler,1.0
59,Educational STEM Building Blocks Set,DIY Track Pipe Creative Building Blocks For Children Ball Circuit Marble Race Run Maze Balls Educational Toys Gift Blocks,1.0
60,Educational STEM Building Blocks Set,【Worth-Buy】 AS electronic Childrens Educational Toys Building Blocks Cube Teaching Aids Set Small Square Geometry Early Education Stacking Kid Toys,1.0
61,Educational STEM Building Blocks Set,Big Particle Blocks City Blocks Villa House Castle Building Blocks DIY Brick Toy For Children Gifts,1.0
62,Educational STEM Building Blocks Set,202151PCS wood toys mini stack high building blocks tower animal macaron domino blocks educational toys Montessori game for children,1.0
63,Educational STEM Building Blocks Set,Montessori Magnetic Toy tiles Magnetic Building blocks Educational toys for kids,1.0
64,Educational STEM Building Blocks Set,Marble Run Building Blocks Slide Toys For Children DIY Track Pipe Blocks Maze Balls Creativity Constructor Educational Toys Kids J08,1.0
65,Educational STEM Building Blocks Set,1 Set DIY Ejection Slide Track Building Block Maze Crazy Construction Marble Race Run Maze Track Building Blocks,1.0
66,Educational STEM Building Blocks Set,72pcs Cards Wooden Face-Changing Educational Expression Puzzle Building Blocks Game For Kid Toys Gifts,1.0
67,Educational STEM Building Blocks Set,American Learning Resources Base Ten Color Decimal Carry Building Blocks Math Blocks,1.0
68,Educational STEM Building Blocks Set,Kids Magnetic Building Blocks Slide Ball Sets Magnet Marble Race Funnel Slide Blocks Building Toys Track Assembly Toy Boys Gifts,1.0
69,Educational STEM Building Blocks Set,Germany 4IN1 Metal Straw Set Drinking tube Tableware Set Stainless Steel 304 Cutlery Set Kitchen Utensils w/Box case Portable Travel Eco-Friendly Dining Drinkware Dinner Set Flatware Set Dinnerware Set,0.0
70,Educational STEM Building Blocks Set,3D Wooden Puzzle Children's Educational Early Education Game Cognitive Puzzle Building Blocks Toys,1.0
71,Educational STEM Building Blocks Set,【Express Delivery】120PCS 10 Colors Dominos New Educational Building Blocks Toys Wooden Kids Children Domino Game,1.0
72,Educational STEM Building Blocks Set,Niko 72pcs Cards Wooden Face Changing Educational Magic Cube Building Blocks Kids Puzzle Board Game,1.0
73,Educational STEM Building Blocks Set,Children Geometric Irregular Building Blocks Sensory Stacking Learning Educational Toys For 1-3 Years Old Kids,1.0
74,Educational STEM Building Blocks Set,【Express Delivery】120PCS 10 Colors Dominos New Educational Building Blocks Toys Wooden Kids Children Domino Game,1.0
75,Educational STEM Building Blocks Set,27PCS Screw Driver Set Car Emergency Tool Kit Set Car Tools Set Pliers Tools Set Mechanic Tools Hammer Tools Set Mechanics Tool Set Tolls Box Set Tool Box Set Handy Tools Set Tolls For Motorcycle Set Toolbox For Tools 27 pcs Tool Set Tools Box Set,0.0
76,Educational STEM Building Blocks Set,Portable Flatware Set Deluxe Cutlery Set stainless Tableware Set Stainless Fork Spoon set With Case Chopstick Spoon Fork Set 3in1 Portable Lunch Set,0.0
77,Educational STEM Building Blocks Set,YUYU 27PCS Screw Driver Set Car Emergency Tool Kit Set Car Tools Set Pliers Tools Set Mechanic Tools Hammer Tools Set Mechanics Tool Set Tolls Box Set Tool Box Set Handy Tools Set Tolls For Motorcycle Set Toolbox For Tools 27 pcs Tool Set Tools Box Set,0.0
78,Educational STEM Building Blocks Set,SECURITY GUARD SET BELT SET,0.0
79,Educational STEM Building Blocks Set,23pcs 20x20cm wooden puzzle toy Building Blocks,1.0
80,Wireless Bluetooth Earbuds with Charging Case,[COD]miaori002888962 Awei T62 ENC Earbuds Wireless Bluetooth Earphones Earphone Headset with Charging Case Mic,1.0
81,Wireless Bluetooth Earbuds with Charging Case,The Top Pod TWS Pods Pro with Wireless Charging Case (Airoha 1562a with Spatial Audio) Best Bluetooth Earphone With Mic for Android with Searchable Serial Number with FREE Silicone Cases,1.0
82,Wireless Bluetooth Earbuds with Charging Case,V8 Bluetooth Earphone Wireless Stereo HD Mic Headset Bluetooth Hands in Car Kit with Mic with case,1.0
83,Wireless Bluetooth Earbuds with Charging Case,Wireless Headphone With Anti UV400 Polarizing Lens 2 In1 Bluetooth Headset With Glasses Outdoor Earbuds Music With Stereo,1.0
84,Wireless Bluetooth Earbuds with Charging Case,Wireless Bluetooth Headset Earphone with Mic,1.0
85,Wireless Bluetooth Earbuds with Charging Case,【New Arrival】M165 Bluetooth Earphone Wireless Headphones Earbuds Handsfree Earhook with Mic,1.0
86,Wireless Bluetooth Earbuds with Charging Case,Marshall Major IV 4 Bluetooth Headphones - Wireless bluetooth headphone with mic wireless bluetooth headphone,1.0
87,Wireless Bluetooth Earbuds with Charging Case,Transparent Wireless Earphone Charging Cover for Apple AirPods Pro 2 Protective Case TPU/PC Bluetooth Headset Case,1.0
88,Wireless Bluetooth Earbuds with Charging Case,Speaker bluetooth with mic Bluetooth 5.0 karaoke Speaker with  2 Wireless Microphones,0.0
89,Wireless Bluetooth Earbuds with Charging Case,HOT . xcfm80 V8 Bluetooth Earphone Wireless Stereo HD Mic Headset Bluetooth Hands in Car Kit with Mic with case,1.0
90,Wireless Bluetooth Earbuds with Charging Case,Marshall Major IV 4 / MID Bluetooth Headphones - Wireless bluetooth headphone with mic wireless bluetooth headphone,1.0
91,Wireless Bluetooth Earbuds with Charging Case,【COD】 Wireless Bluetooth Headset Earphone with Mic,1.0
92,Wireless Bluetooth Earbuds with Charging Case,Jbl Ms-991 Wireless Bluetooth With Microphone Headset,1.0
93,Wireless Bluetooth Earbuds with Charging Case,Wireless Earphone Bluetooth 5.2 Single Ear Hook F8 Business Stereo Earbuds With Microphone,1.0
94,Wireless Bluetooth Earbuds with Charging Case,Baseus D02 Pro Wireless Bluetooth headphone Noise Cancelling Earphones Gaming Headset With Earbuds ﹉⊕,1.0
95,Wireless Bluetooth Earbuds with Charging Case,KIT wireless earbuds 8d stereo mini bt5.0 with led display charging box waterproof headphone,1.0
96,Wireless Bluetooth Earbuds with Charging Case,HM1000 Mini Wireless Headphone Business Bluetooth Handsfree Earphone Wireless Headset with Mic,1.0
97,Wireless Bluetooth Earbuds with Charging Case,P47 Wireless Bluetooth On-Ear Headphone Headset 5.0 Bluetooth With Microphone Noise Cancellation,1.0
98,Wireless Bluetooth Earbuds with Charging Case,Bluetooth Speaker Case Soft Silicone Cover Skin with Strap Carabiner for JBL Charge 4/5 Wireless Bluetooth Speaker Bag,0.0
99,Wireless Bluetooth Earbuds with Charging Case,T&G TG-152 Wireless Portable Bluetooth Speaker with Strap,1.0
100,Wireless Bluetooth Earbuds with Charging Case,i7S TWS Wireless Earbuds Bluetooth V4.2 Stereo Earphone,1.0
101,Wireless Bluetooth Earbuds with Charging Case,RGB Wireless Bluetooth Speaker Bulb/ 12W RGBW E27 Changing Color Lamp/ Wireless Stereo Audio with 24 Keys With Remote,0.0
102,Wireless Bluetooth Earbuds with Charging Case,Marshall Major IV 4 Bluetooth Headphones - Wireless bluetooth headphone，with mic wireless bluetooth headphone head-mounted,1.0
103,Wireless Bluetooth Earbuds with Charging Case,2023 Latest Watch Smartwatch For Men And Women With Bluetooth Wireless Call Charging HD Display,0.0
104,Wireless Bluetooth Earbuds with Charging Case,Karaoke Portable Wireless Bluetooth Speaker with Free Mic BT-1308/BT-1315/BT-1316 (3 inch)  with LED,0.0
105,Wireless Bluetooth Earbuds with Charging Case,Marshall Major III 3 /Major IV 4 Bluetooth Headphones-Wireless bluetooth headphone with mic wireless bluetooth headphone,1.0
106,Wireless Bluetooth Earbuds with Charging Case,G11 Gaming Earphones With LED X15 TWS Bluetooth 5.0 Hearphone Wireless Headset K55 Sport Earbuds Headsets With Mic For All Smart Phones,1.0
107,Wireless Bluetooth Earbuds with Charging Case,12V With Power Amplifier Wireless Bluetooth 5.0 MP3 Decoder Board Color Screen with Recording Call with Bluetooth USB TF FM Radio MP3 Player Audio Accessories,0.0
108,Wireless Bluetooth Earbuds with Charging Case,JEUFANY Stereo AUX Bluetooth 5.2 Wireless Transmitter Receiver Wireless Adapter Wireless Audio Transmitter Bluetooth Adapters Bluetooth Audio Adapter Bluetooth Transmitter,0.0
109,Wireless Bluetooth Earbuds with Charging Case,"Macaron y-08 Wireless Bluetooth Headphones, Wireless Bluetooth HiFi Stereo Over Ear Headphone Headset with Microphone for Travel, Online Class, Home Office",1.0
110,Wireless Bluetooth Earbuds with Charging Case,2023 NEW JBL LIVE FLEX True Wireless Bluetooth Earphone V5.3 Noise Cancelling Headsets IP54 Waterproof Semi-In-Ear Earbuds Stereo Microphone Sports Earphones With Charging Box Sweatproof,1.0
111,Wireless Bluetooth Earbuds with Charging Case,BLUETOOTH HEADSET with Mic,1.0
112,Wireless Bluetooth Earbuds with Charging Case,VIVO BLUETOOTH WIRELESS HEADSET,1.0
113,Wireless Bluetooth Earbuds with Charging Case,OSQ Wireless Portable Karaoke Party Speaker with Bluetooth FM Radio and Wireless Mic KST-8308,1.0
114,Wireless Bluetooth Earbuds with Charging Case,HUAWEI BLUETOOTH WIRELESS HEADSET,1.0
115,Wireless Bluetooth Earbuds with Charging Case,Creative Gift Robot Charging Bluetooth Speaker Mini Cute Portable Steel Cannon Wireless Bluetooth Audioguteng,0.0
116,Wireless Bluetooth Earbuds with Charging Case,Creative Gift Robot Charging Bluetooth Speaker Mini Cute Portable Steel Cannon Wireless Bluetooth Audioguteng,0.0
117,Wireless Bluetooth Earbuds with Charging Case,Dominoes with Case hardbound,0.0
118,Wireless Bluetooth Earbuds with Charging Case,M-B8 New Wireless Single Ear Mini Bluetooth Headset 5.0 Call Intelligent Mono In-ear with Charging Cabin,1.0
119,Wireless Bluetooth Earbuds with Charging Case,I7s tws AirPods Wireless Bluetooth Headset With Charge Box,1.0
120,Non-Stick Cookware Set with Ceramic Coating,13 Pcs Non-Stick Cookware Set With Kitchen Tool Set Kitchenware Cookware Set Non-Stick,1.0
121,Non-Stick Cookware Set with Ceramic Coating,8 Pcs Non-Stick Ceramic Cookware Set,1.0
122,Non-Stick Cookware Set with Ceramic Coating,XJSShop 13 pcs NON-STICK Ceramic Cookware Set,1.0
123,Non-Stick Cookware Set with Ceramic Coating,13 Pcs Non-Stick Cookware Set With Kitchen Tool Set Kitchenware Cookware Set Non-Stick/Soup Pot/Fry Pan,1.0
124,Non-Stick Cookware Set with Ceramic Coating,ASD Non-Stick Cookware Set 7pcs,1.0
125,Non-Stick Cookware Set with Ceramic Coating,8pcs. Migas Cookware Set Copper Non-Stick Pot Ceramic Casserole,1.0
126,Non-Stick Cookware Set with Ceramic Coating,8pcs. Migas Cookware Set Copper Non-Stick Pot Ceramic Casserole,1.0
127,Non-Stick Cookware Set with Ceramic Coating,Kaisa Villa cookware set kitchen cookware set cooking ware set cookware set kitchen set for cooking pot set cooking ware set cookware set kitchen cookware set cookware induction pan Cookware set frying pan cooking ware set cookware set F2,1.0
128,Non-Stick Cookware Set with Ceramic Coating,12 Piece Stainless Aluminum Cookware Set Non-Stick And Cookware Set Easy to Clean,1.0
129,Non-Stick Cookware Set with Ceramic Coating,12 Piece Stainless Aluminum Cookware Set Non-Stick And Cookware Set Easy to Clean,1.0
130,Non-Stick Cookware Set with Ceramic Coating,RF Cookware Set,1.0
131,Non-Stick Cookware Set with Ceramic Coating,ever cookware set,1.0
132,Non-Stick Cookware Set with Ceramic Coating,13pcs Cookware Set,0.0
133,Non-Stick Cookware Set with Ceramic Coating,6PCS Portable Travel Tea Set With Handbag Ceramic Tea Pot and Cup Set China Ceramic Teapot Set,1.0
134,Non-Stick Cookware Set with Ceramic Coating,12Pcs Stainless Cookware Set Kitchenware Set Cookware Stainless Cookware,1.0
135,Non-Stick Cookware Set with Ceramic Coating,Hanabishi Ceramic Cooker HCERC100 Compatible with Any Cookware,1.0
136,Non-Stick Cookware Set with Ceramic Coating,MOSTIN extreme nano coating fantastic xml ceramic coating hand nano coating car coating nano ceramic coating spray,0.0
137,Non-Stick Cookware Set with Ceramic Coating,13 pcs Cookware Set Non Stick Pan and Casserole with Kitchen Tools Set,1.0
138,Non-Stick Cookware Set with Ceramic Coating,13 pcs Cookware Set Non Stick Pan and Casserole with Kitchen Tools Set,1.0
139,Non-Stick Cookware Set with Ceramic Coating,Balay Sosyal White Non-Stick Aluminum Induction Ready Cookware Set with Wooden Handle Free Oven Mitt,1.0
140,Non-Stick Cookware Set with Ceramic Coating,MIGAS COOKWARE SET Hot Pot Casserole Set Non Stick Cooking Pot Aluminum Cookware Set,1.0
141,Non-Stick Cookware Set with Ceramic Coating,Hot Pot Casserole Set Non Stick Cooking Pot Aluminum Cookware Set MIGAS COOKWARE SET,1.0
142,Non-Stick Cookware Set with Ceramic Coating,Cookware,1.0
143,Non-Stick Cookware Set with Ceramic Coating,Lux Kiichen 12Pcs Non stick Pan Cookware Set Stainless Cooking Pot Casserole Set Kitchenware with FREE Kitchen Knife Set,1.0
144,Non-Stick Cookware Set with Ceramic Coating,13Pcs  Cookware Set 13pcs Kitchen  Cookware & Utensil Set Tools,1.0
145,Non-Stick Cookware Set with Ceramic Coating,LABADA SET WITH BASIN,0.0
146,Non-Stick Cookware Set with Ceramic Coating,Ceramic Cherry set (sold set w/out plate) Ceramic fruits Cherry,0.0
147,Non-Stick Cookware Set with Ceramic Coating,Hamilton Beach Blue Essential Non-Stick Forged Cookware Set 8pcs,1.0
148,Non-Stick Cookware Set with Ceramic Coating,4in1 Bedding Set with Comforter Bedsheet Set,0.0
149,Non-Stick Cookware Set with Ceramic Coating,MOLD PAINTING SET (UNICORN SET WITH FREEBIES),0.0
150,Non-Stick Cookware Set with Ceramic Coating,"Business01 Flyman L Allen with Handle Set 4,5,6mm with Y Allen with Variations Solo and Set",0.0
151,Non-Stick Cookware Set with Ceramic Coating,Ceramic Tableware Moroccan 6pcs One Set Sacuers Seasoning Dish Plate With Handle With Gift Box,0.0
152,Non-Stick Cookware Set with Ceramic Coating,BEST QUALITY 13 pcs Cookware Set Non Stick Pan and Casserole with Kitchen Tools Set,1.0
153,Non-Stick Cookware Set with Ceramic Coating,555  one set Nonstick Cookware Set 100% original (555)12pcs set  #9917,1.0
154,Non-Stick Cookware Set with Ceramic Coating,jewelry set three in one set with box,0.0
155,Non-Stick Cookware Set with Ceramic Coating,AUTHENTIC  5 Piece Ceramic Pan Set (RED) | Original MIGAS Red 5pcs Non-Stick Ceramic Pan Set (3 pans and 2 Glass Cover),1.0
156,Non-Stick Cookware Set with Ceramic Coating,5x20 ceramic fuse with pins fuse T6.3A/250V T10A250V with lead ceramic tube,0.0
157,Non-Stick Cookware Set with Ceramic Coating,Dessini Regina 10pcs Ceramic Cookware Set (Blue) w/ FREE Titanium Rose Gold kitchen knife 5-piece Set,1.0
158,Non-Stick Cookware Set with Ceramic Coating,In vogue Gaoboos 9pcs Non Stick Cookware Set Gold Star Coating Frying Pan Induction Ceramic Wok Soup Pot,1.0
159,Non-Stick Cookware Set with Ceramic Coating,Dynamex Marble 3pcs Induction Cookware Set Casserole Set Stone Frying Pan Set,1.0
160,Premium Fountain Pen Gift Set,Allure Premium Rejuvenating Set,0.0
161,Premium Fountain Pen Gift Set,AGELESS REJUVENATING  PREMIUM SET,0.0
162,Premium Fountain Pen Gift Set,Dinnerware Christmas Gift set,0.0
163,Premium Fountain Pen Gift Set,Kaigelu 222 Fountain Pen EF F Nib Beautiful Marble Amber Pattern Ink Pen Writing Gift for Office Business Students pen,1.0
164,Premium Fountain Pen Gift Set,Jinhao New Luxury Fountain Pen Leopard Ink Pen Art Pens Luxury Collection Business Office Gift Pen 2 Colors,1.0
165,Premium Fountain Pen Gift Set,Glass Dip Pen And Ink Set Highlighter Student With Hand-dipped Fountain Pencil Luminous Glass Dip Pen Bulk Black Blue Gift Box,1.0
166,Premium Fountain Pen Gift Set,Suet jade kung-fu tea set gift box set,0.0
167,Premium Fountain Pen Gift Set,Asvine V169 Vacuum Filling Fountain Pen Transparent Acrylic Hollow Carved EFF 0.38mm0.5mm Water Drop with Box Writing Gift Set,1.0
168,Premium Fountain Pen Gift Set,AEE 2 in 1 Towel Set Gift Set Microfiber Towel set,0.0
169,Premium Fountain Pen Gift Set,Color pen gel pen press ballpoint pen ink pen signature pen,0.0
170,Premium Fountain Pen Gift Set,1 Set Japan uni PROPUS WINDOW Highlighter pen Marker Pen PUS-102T Student Office 5 Colors Set,0.0
171,Premium Fountain Pen Gift Set,Cricut Multi Pen Set Gold,1.0
172,Premium Fountain Pen Gift Set,Children's Gift Student Stationery Set School Supplies Pencil Case Pencil Set Box Kindergarten Gift Animals,0.0
173,Premium Fountain Pen Gift Set,Micron Detail Drawing Pen Hook Line Sketch Pen Set Comic Design Drawing Pen,0.0
174,Premium Fountain Pen Gift Set,New Arrival HERO 101 Metal Pen Smooth Writing Ink Pen Bent Nib Art Fountain Pen,1.0
175,Premium Fountain Pen Gift Set,"Duke 209 Steel Fude Calligraphy Fountain Pen Bent Nib , Matte Black with Gold Clip Advanced Writing Gift Pen",1.0
176,Premium Fountain Pen Gift Set,Wax Seal Stamp Set Wax Sealing small box gift set fire paint set,0.0
177,Premium Fountain Pen Gift Set,50PCS  Pen Set School supplies Black ink 0.5mm Gel pen Refill Set Students School Office Stationery,0.0
178,Premium Fountain Pen Gift Set,TENWIN Airbrush Watercolor Pen Set Hand-painted Multifunctional 12 colors Graffiti Spray Jet Pen Baby Supplies Painting Set 8084,1.0
179,Premium Fountain Pen Gift Set,【Free shipping】 For GoPro  9 Osmo  Action Insta360  ONE R Cycling Bandage Holder Sports Camera Motorcycle Helmet Chin Support Bracket gift gift gift Gift Gift gift gift,1.0
180,Premium Fountain Pen Gift Set,Beauty Vault Premium Rejuvenating Set & Whitening Maintenance Set | Light & White REJUV Set,1.0
181,Premium Fountain Pen Gift Set,Pearly Life Spongebob 0.5mm Cartoon Printing Gel Pen Starfish Pressure Pen Gel Pen Signature Pen School Writing Supplies Gift Small And Portable,1.0
182,Premium Fountain Pen Gift Set,12pcs Sakura Pen Sketching Tools Set Drawing Pen Art Pen Micron Pen Brush Drawing Pens Sketch Markers  Art Supplies 3/6/12pcs,1.0
183,Premium Fountain Pen Gift Set,"Starbucks Stainless Steel Gift Set  Flatware Set 3 in 1 Travel Camping Wooden Utensils Cutlery Set, Portable Utensil Travel Silverware Dinnerware Set with Gift Box Case",0.0
184,Premium Fountain Pen Gift Set,Cute 3IN1 Chopsticks Spoon and Fork Stainless Steel Tableware Set Cutlery Set w/Box Portable Travel Eco-Friendly Flatware Set For School Camping Office Kitchen Utensils Dinnerware Set Dining Dinner Set For Gift,0.0
185,Premium Fountain Pen Gift Set,Spot free shipping Mini Portable Food Sealer Machine Handheld Food Snacks Packaging Vacuum Plastic Bag Heat Sealing Machine Closing Capper gift gift gift Gift Gift gift gift,1.0
186,Premium Fountain Pen Gift Set,Colorverse Fountain Pen Ink Samples (3mL),1.0
187,Premium Fountain Pen Gift Set,COORDINATE ABS Scan Reading Pen Quick Scanning Easy to use Offline Translation Pen Smart Scanner Pen Kids Gift,0.0
188,Premium Fountain Pen Gift Set,Diamine Fountain Pen Ink [Dark Olive],1.0
189,Premium Fountain Pen Gift Set,【CW】 1PC Paper 3D VR Glasses DIY Virtual Reality Smart AR Glasses Cardboard Portable Headset Style For 3.5   6.0 inch Smartphone spot goods spot goods A gift gift gift Gift Gift gift gift gift,0.0
190,Premium Fountain Pen Gift Set,LEGATE13 Quick Scanning Scan Reading Pen Easy to use ABS Offline Translation Pen Smart Scanner Pen Kids Gift,0.0
191,Premium Fountain Pen Gift Set,Diamine Fountain Pen Ink [Blue Moon],1.0
192,Premium Fountain Pen Gift Set,CON Quick Scanning Scan Reading Pen ABS Easy to use Offline Translation Pen Multifunction Scanner Pen Kids Gift,0.0
193,Premium Fountain Pen Gift Set,YOLK ABS Scan Reading Pen Easy to use Quick Scanning Offline Translation Pen Portable Scanner Pen Kids Gift,0.0
194,Premium Fountain Pen Gift Set,Creative Gifts Cutlery Chopstick Spoon Fork Set Package Spoon fork and chopsticks gift set Christmas gift,0.0
195,Premium Fountain Pen Gift Set,FAIRYSKIN Premium SkinCare Set (Check Variation),0.0
196,Premium Fountain Pen Gift Set,BG9T ABS Scan Reading Pen Quick Scanning Easy to use Scanner Pen Portable Offline Translation Pen Kids Gift,0.0
197,Premium Fountain Pen Gift Set,Pilot Iroshizuku Fountain Pen Ink [15ml],1.0
198,Premium Fountain Pen Gift Set,VR CLASSICAL GIFT SET High Quality,1.0
199,Premium Fountain Pen Gift Set,Noodler's Fountain Pen Ink [Blue-Black] 3oz,1.0
200,Portable External SSD Storage Drive,WD My Passport SSD External Portable Storage Solid State Drive 1TB,1.0
201,Portable External SSD Storage Drive,External SSD 256GB 512GB 1T Portable SSD USB 3.1 Type C Solid State Drive External SSD Storage Compatible For Mac LatopDesktop,1.0
202,Portable External SSD Storage Drive,SAMSUNG SSD T7 Portable External Solid State Drive,1.0
203,Portable External SSD Storage Drive,Portable SSD 2TB External Solid State Drive 500GB 1TB High Speed External Hard Drive USB 3.1 Type C Interface Mass Storage Disks,1.0
204,Portable External SSD Storage Drive,Toshiba Dynabook Boost X20 250GB USB 3.2 Portable External Storage SSD Solid State Drive,1.0
205,Portable External SSD Storage Drive,Kingston 2TB XS2000 Portable SSD High-performance External Drive (SXS2000/2000G),1.0
206,Portable External SSD Storage Drive,Kingston 500GB XS2000 Portable SSD High-performance External Drive (SXS2000/500G),1.0
207,Portable External SSD Storage Drive,Samsung MU-PC 500GB T7 Portable Solid State Drive | External Solid State Drive | External SSD | Portable SSD | SSD,1.0
208,Portable External SSD Storage Drive,Kingston XS2000 500GB/1TB/2TB High-performance External Portable Solid State Drive SSD,1.0
209,Portable External SSD Storage Drive,Kingston XS2000 500GB Portable SSD High-performance External Drive (500GB SXS2000/500G),1.0
210,Portable External SSD Storage Drive,"Corsair EX100U 1TB Portable USB-C Storage Drive External SSD, CSSD-EX100U1TB",1.0
211,Portable External SSD Storage Drive,Samsung 1TB Portable SSD T7 Shield Rugged Portable External Storage For PC/MAC/Type-C Android Phones,1.0
212,Portable External SSD Storage Drive,"Toshiba Canvio Basics 1TB 2TB External Hard Drive Enclosure USB 3.0 HDD Data Storage Portable 2.5"" Hard Drive External Storage External Hard Disk Suitable for PC Laptop",1.0
213,Portable External SSD Storage Drive,Holds 2 SSD Hard Drive Case Fits Sandisk 1TB/2TB/250GB/500GB Extreme Portable External SSD - SDSSDE60-G25,1.0
214,Portable External SSD Storage Drive,Western Digital 1TB WD External Hard Drive Storage Green Internal SSD Solid State Drive 3.0,1.0
215,Portable External SSD Storage Drive,"Western Digital WD Elements 1TB/2TB Data Storage External Hard Drive Enclosure USB 3.0 HDD Portable 2.5"" Hard Drive External Storage External Hard Disk Suitable for PC Laptop Windows",1.0
216,Portable External SSD Storage Drive,Kingston XS2000 Portable SSD High-Performance External Drive ( 1TB SXS2000/1000G ),1.0
217,Portable External SSD Storage Drive,Portable 1TB 2TB SSD 4TB 16TB External Hard Drive Type-C USB 3.1 High Speed 8TB External Storage Hard Disks For Laptops,1.0
218,Portable External SSD Storage Drive,New SSD 1TB Flash Hard Drive External HDD High Speed USB3.0 2TB SSD Storage Portable HD Hard Disk For Laptop/mac /pc,1.0
219,Portable External SSD Storage Drive,"Seagate Backup Plus Slim External Hard Drive Enclosure USB 3.0 HDD Portable 2.5"" Hard Drive External Storage External Hard Disk 1TB 2TB Data Storage Suitable for PC Laptop Windows",1.0
220,Portable External SSD Storage Drive,"Toshiba External Hard Drive USB 3.0 HDD Canvio Basics Enclosure Portable 2.5"" Hard Drive External Storage External Hard Disk 1TB 2TB",1.0
221,Portable External SSD Storage Drive,"[Local Delivery] Toshiba 1TB 2TB Canvio Basics External Hard Drive USB 3.0 HDD Data Storage Enclosure Portable 2.5"" Hard Drive External Storage External Hard Disk Suitable for PC Laptop Windows",1.0
222,Portable External SSD Storage Drive,Essager External Hard Drive Portable SSD 4TB USB 3.1/Type-C Hard Disk 10GbPS High-Speed Storage For Laptop/Desktop/Mac/Phone/PS5,1.0
223,Portable External SSD Storage Drive,"Western Digital External Hard Drive USB 3.0 HDD WD Elements Enclosure Portable 2.5"" Hard Drive External Storage External Hard Disk 1TB 2TB",1.0
224,Portable External SSD Storage Drive,SanDisk 1TB Extreme Pro V2 Portable SSD External Solid State Drive SDSSDE81-1T,1.0
225,Portable External SSD Storage Drive,WD Western Digital My Passport SSD External Portable Solid State Drive 500GB,1.0
226,Portable External SSD Storage Drive,WD Western Digital 500GB My Passport SSD External Portable Solid State Drive,1.0
227,Portable External SSD Storage Drive,"[Local Delivery] Western Digital WD Elements External Hard Drive 1TB 2TB Enclosure USB 3.0 HDD Portable 2.5"" Hard Drive External Storage External Hard Disk",1.0
228,Portable External SSD Storage Drive,Dynabook Boost X20 500GB Portable External SSD,1.0
229,Portable External SSD Storage Drive,Samsung - T7 1TB External  Portable SSD,1.0
230,Portable External SSD Storage Drive,SSD HP 16TB  External Hard Disk  8TB  USB 3.0 Portable External Hard Disk  4TB  Portable Hard Drive 2TB  One Touch External HDD  1TB,1.0
231,Portable External SSD Storage Drive,"Toshiba Canvio Basics External Hard Drive 1TB/2TB USB 3.0 HDD Enclosure Portable 2.5"" Hard Drive External Storage External Hard Disk Suitable for PC Laptop Windows",1.0
232,Portable External SSD Storage Drive,Seagate External Hard  1TB 2TB Portable USB 3.0 External Drive HDD,1.0
233,Portable External SSD Storage Drive,Kingston XS2000 500GB Portable SSD External Drive ( 500GB SXS2000/500G ),1.0
234,Portable External SSD Storage Drive,"WD External hard drive 2.5"" Portable Hard Drive 2TB 1TB HDD USB 3.0 / Movies Portable External Hard Drive for Travel and Home Use",1.0
235,Portable External SSD Storage Drive,Samsung 4TB T7 Shield USB 3.2 Portable SSD  | T7 shield SSD | Solid State Drive | External Portable SSD | Samsung SSD,1.0
236,Portable External SSD Storage Drive,Sandisk Portable 1TB USB 3.2 Type C External SSD Solid State Drive 520MB/s SDSSDE30-1T00,1.0
237,Portable External SSD Storage Drive,Samsung Portable SSD T7 USB 3.2 1TB Titan Gray External Solid State Drive MU-PC1T0T,1.0
238,Portable External SSD Storage Drive,[Energetic] 2TB 4TB 8TB External SSD Mobile Solid State Hard Drive USB 3.1 SSD Hard Drive,1.0
239,Portable External SSD Storage Drive,WD My Passport 2TB Portable External SSD (Silver),1.0
240,Compact Coffee Maker with Thermal Carafe,Coffee Maker Toha easy to use espresso coffee maker with frothing milk coffee machine maker,1.0
241,Compact Coffee Maker with Thermal Carafe,Coffee Maker Automatic Coffee Maker Small Coffee Maker Mini Drip Coffee Maker American Home Coffee Maker Moka Pot Coffee Maker Machine   Nespresso Machine Coffee Press Automatic Coffee Maker Machine,1.0
242,Compact Coffee Maker with Thermal Carafe,Nespresso® CitiZ Coffee Maker White with Free Coffee Capsules,1.0
243,Compact Coffee Maker with Thermal Carafe,Simplus Drip Coffee Maker American Coffee Maker Coffee Machine Portable Household Coffee Maker Electric Coffee Machine,1.0
244,Compact Coffee Maker with Thermal Carafe,QEE Coffee Maker 0.75L/6cups Home use Electric Coffee Maker Machine with Keep Warm Function,1.0
245,Compact Coffee Maker with Thermal Carafe,"Vermax Coffee Maker 4-7 cups Coffee drip, Coffee machine with water indicator, coffee filter brewed coffee",1.0
246,Compact Coffee Maker with Thermal Carafe,HelloKitty Coffee Maker,1.0
247,Compact Coffee Maker with Thermal Carafe,AUMU Coffee Maker Machine 900ML Capacity with Anti-drip feature  Dripping Coffee Maker Home use Electric Coffee Machine,1.0
248,Compact Coffee Maker with Thermal Carafe,【Stario】Coffee Mug/ Coffee Maker Pot/ Coffee Cup/ Coffee Server with Wooden Lid/ 300ml-500ml,1.0
249,Compact Coffee Maker with Thermal Carafe,400ml Coffee Maker Coffee Drip Paperless Stainless Steel Filter Glass Carafe Coffee Pot,1.0
250,Compact Coffee Maker with Thermal Carafe,【Stario】Coffee Cup/ Coffee Mug/ Coffee Maker Pot/ Coffee Pot Glass with Vertical Stripes/ 300ml-500ml,1.0
251,Compact Coffee Maker with Thermal Carafe,KOPO  Coffee Machine Complete Set  espresso coffee maker on sale With filter screen Coffee Brewing Kit set With Heater,1.0
252,Compact Coffee Maker with Thermal Carafe,Nespresso® Essenza Mini Coffee Maker Lime Green with Free Coffee Capsules,1.0
253,Compact Coffee Maker with Thermal Carafe,Jiditech Coffee Maker Double Cup Coffee Machine Portable Coffee Machine Thermal Drip Instant Coffee Machine With Tow Free Ceramic Cup,1.0
254,Compact Coffee Maker with Thermal Carafe,LXL Coffee Maker Machine  6 cups 650W Small Electric Coffee Maker Automatic American Coffee Maker Machine,1.0
255,Compact Coffee Maker with Thermal Carafe,GAA Coffee Maker Machine Coffee Machine Complete Set  Espresso Coffee Maker,1.0
256,Compact Coffee Maker with Thermal Carafe,Hario TCA-5 Coffee Syphon Coffee Maker 5 cups With Rekrow Butane Burner,1.0
257,Compact Coffee Maker with Thermal Carafe,1100ML Cold Brew Coffee Maker Iced Coffee Pot Cold Drinks Maker Airtight Seal Silicone with Filter Household,1.0
258,Compact Coffee Maker with Thermal Carafe,1300ML Cold Brew Iced Coffee Maker With Airtight Seal Silicone Handle Coffee Kettle,1.0
259,Compact Coffee Maker with Thermal Carafe,【Coffee World】Gooseneck Kettle Stainless Teflon with Thermometer Drip Pot Hand drip coffee maker drip coffee Pour Over Coffee Maker 250ml/600ml,1.0
260,Compact Coffee Maker with Thermal Carafe,Ziinlife Coffee Maker Semi-automatic Household Coffee Maker Machine 650W Electric Espresso Maker 750ML for Home Office,1.0
261,Compact Coffee Maker with Thermal Carafe,Coffee Grounds PH - Aluminum Mokapot 6cups | 300ML Stovetop Coffee Maker Moka Coffee Maker Italian,1.0
262,Compact Coffee Maker with Thermal Carafe,Manual Coffee Grinder With Ceramic Burrs Hand Coffee Mill With Two Glass,1.0
263,Compact Coffee Maker with Thermal Carafe,Imarflex ICM-100  Coffee Maker,1.0
264,Compact Coffee Maker with Thermal Carafe,Imarflex ICM-512AS Coffee Maker,1.0
265,Compact Coffee Maker with Thermal Carafe,LXL Coffee Maker 900ML/8cups Home use Electric Coffee Machine Large Capacity with Anti-drip feature,1.0
266,Compact Coffee Maker with Thermal Carafe,Drip Coffee  Coffee Maker Coffee Dripper Pour Over Coffee Server Glass Coffee Pot Rubber Seal 300ml/500ml,1.0
267,Compact Coffee Maker with Thermal Carafe,Blakk Coffee Maker KXB1T1CM,1.0
268,Compact Coffee Maker with Thermal Carafe,SOTIME 4-in-1 Espresso Capsule Coffee Machine 0.6L-1.2L Multiple Coffee Maker for Nespresso Dolce Gusto Capsule Ground Coffee ESE Coffee Pod Household Coffee Maker 19 Bar,1.0
269,Compact Coffee Maker with Thermal Carafe,OXO Brew Compact Cold Brew Coffee Maker,1.0
270,Compact Coffee Maker with Thermal Carafe,Replacement Glass Carafe ONLY for Imarflex ICM-355 Coffee Maker,1.0
271,Compact Coffee Maker with Thermal Carafe,French press Mocha Coffee Pot Brewing Apparatus coffee press kettle150ML / 300ML Handmade Coffee Pot with Wooden Handle Traditional Coffee Maker,1.0
272,Compact Coffee Maker with Thermal Carafe,Pour Over Coffee Set Drip Coffee Maker Set (Dripper Coffee Pot Coffee Grinder Coffee Scale),1.0
273,Compact Coffee Maker with Thermal Carafe,Espresso Coffee Maker Italian Semi-automatic Espresso Maker Household Single-head Coffee Machine Consumer Coffee Machine,1.0
274,Compact Coffee Maker with Thermal Carafe,【Stario】Coffee Server/ Coffee Pot Glass/ Coffee Server With Wooden/ Coffee Mug/ Coffee Cup/ 400ml-600ml,1.0
275,Compact Coffee Maker with Thermal Carafe,【Coffee World】Pour over coffee set coffee dripper v60 coffee maker coffee filter Gooseneck kettle,1.0
276,Compact Coffee Maker with Thermal Carafe,【YOYO Household Products】 New Arrival Espresso Accessories Barista Coffee Maker Brooch Mini Coffee Tamper Beautiful Coffee Badge Cafe Gift With Box,1.0
277,Compact Coffee Maker with Thermal Carafe,Gemilai CRM3005E Coffee Maker Machine15BAR Espresso Coffee Machine On Sale Italian Semi-Automatic With Milk Foam Suitable For Home Office Coffee Shop,1.0
278,Compact Coffee Maker with Thermal Carafe,Hanabishi Coffee Maker Original with 1 Year Warranty HCM 15XB,1.0
279,Compact Coffee Maker with Thermal Carafe,Big Brute Coffee Maker 12 cups Stainless Body Glass Carafe,1.0
280,Anti-Aging Serum with Hyaluronic Acid,BMRS Niacinamide Serum 30ml With Hyaluronic Acid Moisturizes and Rehydrates,1.0
281,Anti-Aging Serum with Hyaluronic Acid,"BMRS NIACINAMIDE SERUM with Hyaluronic Acid, Moisturizes and Re-Hydrates with 10% NIACINAMIDE with Vitamin B3 serum",1.0
282,Anti-Aging Serum with Hyaluronic Acid,La Roche-Posay Hyalu B5 Pure Hyaluronic Acid Serum Face Serum Anti-Aging Essence for Reduce Wrinkles Firmer Skin Face Serum 30ML,1.0
283,Anti-Aging Serum with Hyaluronic Acid,"La Roche-Posay Hyalu B5 Pure Hyaluronic Acid Serum Face Serum with Vitamin B5, Anti-Aging Essence for Fine Lines and Wrinkles, Hydrating Skin Safe on Sensitive Skin 30ML",1.0
284,Anti-Aging Serum with Hyaluronic Acid,Vitamin C Whitening Essence Moisturizing Skin Care Hyaluronic Acid Face Serum Brightening Anti-Aging Anti-Wrinkle 30ML,1.0
285,Anti-Aging Serum with Hyaluronic Acid,"100% authenticCOD The Ordinary Lactic Acid 10%+HA/Lactic Acid 5%+HA 2% 30ml Hyaluronic acid helps to gently exfoliate. Hyaluronic acid is a type of hyaluronic acid that gently removes skin cells. Eliminate black spots, scars, and dullness",1.0
286,Anti-Aging Serum with Hyaluronic Acid,"BMRS NIACINAMIDE SERUM with Hyaluronic Acid/RETINOL SERUM, Moisturizes and Re-Hydrates with 10% NIACINAMIDE with Vitamin B3 serum. (30ML)",1.0
287,Anti-Aging Serum with Hyaluronic Acid,The Ordinary Alpha Arbutin 2% + HA - Dark Spots With Hydrating Hyaluronic Acid Face Serum [30ml],1.0
288,Anti-Aging Serum with Hyaluronic Acid,"Cerave Skin Renewing Vitamin C Serum with Ceramides, Hyaluronic Acid & Vitamin B5, 1 fl.oz / 30 ml",1.0
289,Anti-Aging Serum with Hyaluronic Acid,La Roche Posay Vitamin C10% Facial Essence 30ml Containing Hyaluronic Acid and Salicylic Acid Anti-aging Facial Essence,1.0
290,Anti-Aging Serum with Hyaluronic Acid,"30ml Vitamin C Serum For Face Whitening Dark Spot Remover Essence Brightening Glass Skin Care Fade Freckle Anti Aging Brightening Skin with Hyaluronic Acid and Salicylic Acid Moisturizing Serum,Pure Vitamin C Antioxidant Serum Whitening&Smooth Skin Essenc",1.0
291,Anti-Aging Serum with Hyaluronic Acid,"Rosmar UWU serum (AHA,PHA,BHA with SPF60) Korean Technology 24H Serum 30ml",1.0
292,Anti-Aging Serum with Hyaluronic Acid,COSRX Hyaluronic Acid Intensive Cream 100ml,1.0
293,Anti-Aging Serum with Hyaluronic Acid,Retinoic  acid with BPO gel 10grams,1.0
294,Anti-Aging Serum with Hyaluronic Acid,The Ordinary Hyaluronic Acid 2% + B5 Serum Moisturizer Skin Essence Hydrate Moisturizing [30ml],1.0
295,Anti-Aging Serum with Hyaluronic Acid,The Ordinary Hyaluronic Acid 2% + B5 Serum Moisturizer Skin Essence Hydrate Moisturizing [30ml],1.0
296,Anti-Aging Serum with Hyaluronic Acid,The Ordinary Hyaluronic Acid 2% + B5 Serum Moisturizer Skin Essence Hydrate Moisturizing [30ml],1.0
297,Anti-Aging Serum with Hyaluronic Acid,7 days Effective!! Melasma serum remover Melasma and pekas remover serum original Niacinamide Serum Whitening Dark Spot Remover serum serum for face Whitening retinol Anti-Wrinkle Moisturizer Original Freckle Fade Dark Spot Anti-aging Whiten Serum,1.0
298,Anti-Aging Serum with Hyaluronic Acid,AUTHENTIC JADE ROLLER FACIAL MASSAGER WITH CERTIFICATE OF AUTHENTICITY ANTI-AGING WELDED WITH STOPPER,1.0
299,Anti-Aging Serum with Hyaluronic Acid,LAIKOU Hyaluronic Acid Face Serum Reduce Wrinkles Spots Fine Lines Essence Moisturizer Soothing Repairing 30ml,1.0
300,Anti-Aging Serum with Hyaluronic Acid,"Miru Japan Lift Daily Firming Serum Japan Sakura Serum, Cherry Blossoms Essence Toner ,Original Essence Shrink Pores Skin Rejuvenation Anti-Aging Moisturizing Hyaluronic Acid",1.0
301,Anti-Aging Serum with Hyaluronic Acid,SCT Sunflower Oil with Kojic Acid 60ml,0.0
302,Anti-Aging Serum with Hyaluronic Acid,DREAM BEAUTY HYDRATING SERUM WITH ANTI- POLUTION.30ML,1.0
303,Anti-Aging Serum with Hyaluronic Acid,Authentic AHA Whitening Booster Serum with Collagen,1.0
304,Anti-Aging Serum with Hyaluronic Acid,Rosmar 4IN1 Uwu Serum SPF60 WITH aha|bha|pha|niacinamide,1.0
305,Anti-Aging Serum with Hyaluronic Acid,VIBRANT GLAMOUR FDA Retinol Serum For Face Face Serum Retinol Serum Original Retinol Serum Anti-aging Brightening Retinol Serum For Melasma Retinol Serum Anti Aging Facial Anti Aging Moisturizer Moisturizing Whitening Skin Care 30ml,1.0
306,Anti-Aging Serum with Hyaluronic Acid,HA Hyaluronic Acid Ampoule Microneedling Collagen Serum Skin Care Mesotherapy Cream Beauty Health Whiten Wrinkle Removal 5Ml,1.0
307,Anti-Aging Serum with Hyaluronic Acid,The Inkey List 10% Azelaic Acid Serum 30ml,1.0
308,Anti-Aging Serum with Hyaluronic Acid,The Top Pod TWS Pods Pro with Wireless Charging Case (Airoha 1562a with Spatial Audio) Best Bluetooth Earphone With Mic for Android with Searchable Serial Number with FREE Silicone Cases,0.0
309,Anti-Aging Serum with Hyaluronic Acid,"LazStar Academy: Drive Traffic with Tools, Engage More with Livefeed with Johnny Tsoi",0.0
310,Anti-Aging Serum with Hyaluronic Acid,CeraVe Acne Foaming Cream Cleanser with 4%Benaoyl Peroxide Hydrating Facial Cleanser with Hyaluronic Acid & Niacinamide Cleanser for Daily Face Clean Acne Control 150ML,1.0
311,Anti-Aging Serum with Hyaluronic Acid,KK-82MS-B-C Scientific Calculator With Cover With Battery,0.0
312,Anti-Aging Serum with Hyaluronic Acid,Olay Regenerist Micro-sculpting Serum Antiaging Skin Brightening with Niacinamide,1.0
313,Anti-Aging Serum with Hyaluronic Acid,Aluminum Level Bar with Magnet With magnetic,0.0
314,Anti-Aging Serum with Hyaluronic Acid,DISAAR super collagen for melasma！！！Collagen Cream 80g Anti-Wrinkle Anti-Aging Face Cream Moisturizer Whitening Hyaluronic Acid Shrink Pores Skin Care collagen with glutathione collagen melasma cream Collagen Cream with Glutathione,1.0
315,Anti-Aging Serum with Hyaluronic Acid,DISAAR super collagen for melasma！！！Collagen Cream 80g Anti-Wrinkle Anti-Aging Face Cream Moisturizer Whitening Hyaluronic Acid Shrink Pores Skin Care collagen with glutathione collagen melasma cream Collagen Cream with Glutathione,1.0
316,Anti-Aging Serum with Hyaluronic Acid,( BUY 1 TAKE 1 ) Retinol Serum For Face Face Serum Retinol Serum Original Retinol Serum Anti-aging Brightening Retinol Serum For Melasma Retinol Serum Anti Aging Facial Anti Aging Moisturizer Moisturizing Whitening Skin Care Product For Face Skin Care,1.0
317,Anti-Aging Serum with Hyaluronic Acid,Complete Videoke Set with Megapro D-777 Karaoke Player with Homevision HV-S660 (150x2w)Speaker with HV-3800AD USB/FM/BT 300w Power Amplifier with FREE 1 Microphone DM-6000 (tested before shipp),0.0
318,Anti-Aging Serum with Hyaluronic Acid,MAXCO LPG Regulator with Gauge with Push button With FREE hose 1.5m With FREE 2pcs clamps set high quality COD recommended | By JAMPB,0.0
319,Anti-Aging Serum with Hyaluronic Acid,the ordinary glycolic acid toner Glycolic acid for underarm Glycolic acid serum the ordinary toner for face whitening,1.0
320,Stylish Women's High Heels in Multiple Colors,Ankle Boots Women High Heels,1.0
321,Stylish Women's High Heels in Multiple Colors,Women socks High quality 10 COLORS,0.0
322,Stylish Women's High Heels in Multiple Colors,{KIDS SHOES}  children's high heels New korean Fashionable heels ladies 2inches formal&casual Block heels for kids#3232-3 (standard size),1.0
323,Stylish Women's High Heels in Multiple Colors,High Quality Korean Women's Forrest Gump Shoes,0.0
324,Stylish Women's High Heels in Multiple Colors,in stock）Italian adventure in Russia,0.0
325,Stylish Women's High Heels in Multiple Colors,High Quality Korean Women's Forrest Gump Shoes,0.0
326,Stylish Women's High Heels in Multiple Colors,High quality plain rain boots for women's,0.0
327,Stylish Women's High Heels in Multiple Colors,Women's Bags 4 in 1 Backpacks Fashion Backpacks Trend High School Backpack Set #2425,0.0
328,Stylish Women's High Heels in Multiple Colors,2023 Korea Fashion High Sport Women's Shoes Outdoor Outing Travel Rubber Women's Shoes,0.0
329,Stylish Women's High Heels in Multiple Colors,Iconic Women 3 in 1 Basic Athletic Plain Mid Length Socks in Assorted Neon Colors,0.0
330,Stylish Women's High Heels in Multiple Colors,Iconic Women 3 in 1 Basic Athletic Plain Mid Length Socks in Assorted Dark Colors,0.0
331,Stylish Women's High Heels in Multiple Colors,Jozoo 2 In 1 Heel Insole High Heels Shoe Cushion Pad Feet Care Protector Sticker Inserts Anti-dropping Anti-slip,0.0
332,Stylish Women's High Heels in Multiple Colors,JK White Cement Powder 1KG Original Made In UAE High Strength Construction Concrete Material High Durability,0.0
333,Stylish Women's High Heels in Multiple Colors,Aalborg White Portland Cement Powder 1KG Original Made In Malaysia High Whiteness High Strength Construction Material,0.0
334,Stylish Women's High Heels in Multiple Colors,(Add two size)Women Stretch Slim Thigh High Boots Fashion Over The Knee High Heels Size 34-43,1.0
335,Stylish Women's High Heels in Multiple Colors,true colors,0.0
336,Stylish Women's High Heels in Multiple Colors,Rubberized Stylish White Tabo high quality water Dipper,0.0
337,Stylish Women's High Heels in Multiple Colors,12 Colors - OIL PASTELS in Plastic Case,0.0
338,Stylish Women's High Heels in Multiple Colors,vita Korean Style Hair Clamp In Pastel Colors,0.0
339,Stylish Women's High Heels in Multiple Colors,High Waist Denim shorts Maong Short for women's,0.0
340,Stylish Women's High Heels in Multiple Colors,Women's Shoes Flat Sports Tennis Sets Wear Thick and Soft Casual Barefoot Comfortable Lace-up Free Shipping Without High Heels,0.0
341,Stylish Women's High Heels in Multiple Colors,High Quality 1pair Shoe Insoles High Heel Pad Adjust Size Heels Pads Protector Sticker Anti-wear Feet Anti-dropping,0.0
342,Stylish Women's High Heels in Multiple Colors,New Women's Belt Fashion Leather Korean Metal Buckle Belt  Women's Belt Women's Belt Slender and Stylish Versatile,0.0
343,Stylish Women's High Heels in Multiple Colors,{KIDS SHOES} children's high heels ladies 2inches fashionable Heels 2022 summer New style leather sandals for kid #3232-4,1.0
344,Stylish Women's High Heels in Multiple Colors,NEW LUCKY [1SET] High Quality Class A 5 in 1 Colorful Storage Glass Salad Bowl Set Random Colors / Dinnerware,0.0
345,Stylish Women's High Heels in Multiple Colors,Women's Fashion Stretchable High Waist Skinny Denim Jeans 9206/9205/9203,0.0
346,Stylish Women's High Heels in Multiple Colors,ELITE Basketball high quality nba high socks,0.0
347,Stylish Women's High Heels in Multiple Colors,8 color Joni jeans High waist skinny women's pants,0.0
348,Stylish Women's High Heels in Multiple Colors,AMBULANCE STRECHER DURABLE AND HIGH QUALITY (MADE IN JAPAN),0.0
349,Stylish Women's High Heels in Multiple Colors,kimono 3 in 1 High waist swimsuit  Fits 3-5yo.,0.0
350,Stylish Women's High Heels in Multiple Colors,"3 in 1 Black High Quality Plastic Basin/Batcha/Planggana, Laundry/Kitchenware",0.0
351,Stylish Women's High Heels in Multiple Colors,Stargrass Hay Dry Grass High in Fiber 1kg  500g,0.0
352,Stylish Women's High Heels in Multiple Colors,Medium Tube Cutter 1/8 in -1-1/8 in,0.0
353,Stylish Women's High Heels in Multiple Colors,(Plus Size) High Waist Shorts Women's Pure Cotton Korean Shorts Casual Women's Shorts,0.0
354,Stylish Women's High Heels in Multiple Colors,Anti-wear Foot Anti-off High Heels Stickers Half Size Stickers Thickened Back Heels Stickers,0.0
355,Stylish Women's High Heels in Multiple Colors,Anti-wear Foot Anti-off High Heels Stickers Half Size Stickers Thickened Back Heels Stickers,0.0
356,Stylish Women's High Heels in Multiple Colors,Women's Shorts Summer Loose Fitting Elastic Waist High Waisted Slim Fitting Quarter Pants Women's Shorts,0.0
357,Stylish Women's High Heels in Multiple Colors,Anti-wear Foot Anti-off High Heels Stickers Half Size Stickers Thickened Back Heels Stickers,0.0
358,Stylish Women's High Heels in Multiple Colors,EZ COD 6/12PCS High Quality ASSORTED COLORS RANDOMLY IN ONE SET  Cotton Spandex Boxer Briefs For !!!!KID ONLY !!! Essential For Every Day Use 12pcs In One Pack (Bulky Order PM US ),0.0
359,Stylish Women's High Heels in Multiple Colors,W Cartolina / Available in White - Neon Colors - Dark Colors / Sold per piece,0.0
360,High-Performance Running Shoes with Cushioning,ASICS Arthur 2022 new NOVABLAST 3 PLATINUM women's running shoes cushioning running shoes,1.0
361,High-Performance Running Shoes with Cushioning,Puma women's shoes running shoes new fitness training shoes casual shoes running shoes,1.0
362,High-Performance Running Shoes with Cushioning,Original  Hoka one one Clifton 9 Women's Walking training running shoes unisex Outdoor trail running shoes with light cushioning sneakers,1.0
363,High-Performance Running Shoes with Cushioning,Affordable Running Shoes For Ladies- B200 Running Shoes,1.0
364,High-Performance Running Shoes with Cushioning,Skechers Skechers official flagship store Laodie shoes women's shoes sports cushioning running shoes mecha shoes 149916,1.0
365,High-Performance Running Shoes with Cushioning,Women Shoes Summer Air Mesh Sport Aqua Shoes Outdoor Women's light running Shoes Sneakers unisex running shoes,1.0
366,High-Performance Running Shoes with Cushioning,women's shoes white casual shoes running shoes sneakers,1.0
367,High-Performance Running Shoes with Cushioning,2021Mesh Breathable Running Shoes Lace Up Casual Sport Shoes Keep Running Unisex Shoes Comfortable Outdoor Lightweight Shoes WJ037,1.0
368,High-Performance Running Shoes with Cushioning,New Arrival Women Random Shoes Running Walking Hiking Shoes Random Shoes Surprising Shoes Korean rubber casual sports running shoes 2022,1.0
369,High-Performance Running Shoes with Cushioning,New Korean male sports shoes leather shoes running shoes student influx of men and men's casual tennis shoes running,1.0
370,High-Performance Running Shoes with Cushioning,Xtep Women's Shoes Casual Shoes Breathable Shoes Lightweight Shock-absorbing Running Shoes Sports Shoes 878318310016,1.0
371,High-Performance Running Shoes with Cushioning,Xtep Women's Shoes Casual Shoes Breathable Shoes Lightweight Shock-absorbing Running Shoes Sports Shoes 878218310017,1.0
372,High-Performance Running Shoes with Cushioning,New sneakers women running shoes sports shoes platform Shoes Fashion Running Slip on Shoe COD DY,1.0
373,High-Performance Running Shoes with Cushioning,Skye lace original women's shoes with panda shoes white and black sports running shoes flat round shoelaces Skechers,1.0
374,High-Performance Running Shoes with Cushioning,【 Authentic and Original】On Cloudflyer 4 Running shoes Men's long-distance running shoes,1.0
375,High-Performance Running Shoes with Cushioning,Spring and Autumn New Sports Shoes Casual Shoes Fashion Running Shoes Women's Shoes,1.0
376,High-Performance Running Shoes with Cushioning,622 fashion shoes running shoes sports for women brethable shoes,1.0
377,High-Performance Running Shoes with Cushioning,Comfortable Non Slip On Shoes casual Running Sport shoes pink shoes rubber shoes walking Flats with Memory Foam shoes sneakers Women canvas shoes for women low cut black new style on sale 2021 original  White Shoes  Platform lace-up women's shoes,1.0
378,High-Performance Running Shoes with Cushioning,shoes,1.0
379,High-Performance Running Shoes with Cushioning,"NEW Original  Adidas boost x900l4 running shoes women's  Lightweight, shock-absorbing running shoes",1.0
380,High-Performance Running Shoes with Cushioning,Fashion Shoes Sports Shoes Casual Shoes Korean Breathable Mesh slip on Shoes for women Student Shoes Running Shoes Single Layer Shoe office shoes,1.0
381,High-Performance Running Shoes with Cushioning,Men's Running Shoes Man Sneakers Running Tennis Shoes Casual Outdoor Fitness Jogging Workout Shoes Men Zapatillas De Deporte,1.0
382,High-Performance Running Shoes with Cushioning,Unisex Sports Basketball Shoes Small White Shoes Casual Fashion Running Shoes,1.0
383,High-Performance Running Shoes with Cushioning,Xtep women's shoes breathable shock-absorbing mesh running shoes sports shoes 878218310039,1.0
384,High-Performance Running Shoes with Cushioning,ASICS GEL-CONTEND 4 Mesh Sneakers Running Shoes Men's Cushioned Marathon Running Shoes T8D4Q-031,1.0
385,High-Performance Running Shoes with Cushioning,Feiwei women's sports shoes running shoes mesh breathable casual student shoes,1.0
386,High-Performance Running Shoes with Cushioning,Skechers new Korean women's shoes running shoes all-match shoes high quality,1.0
387,High-Performance Running Shoes with Cushioning,Fashion Sneakers Women Shoes Running Shoes Wedges Sports Casual Shoes Summer Outdoor Fitness Jogging Shoes,1.0
388,High-Performance Running Shoes with Cushioning,37-46 White Sneakers For Men Rubber Hard-Wearing Men's Running Sport Shoes 32-47 Black Running Shoes Yellow Sports Shoes Tennis,1.0
389,High-Performance Running Shoes with Cushioning,Shoes men Sneakers Male casual Mens Shoes tenis Luxury shoes Trainer Race Breathable Shoes fashion loafers running Shoes f,1.0
390,High-Performance Running Shoes with Cushioning,DXLY.PH NEW SUMMER SHOES ADIDAS running shoes SPORTS sneakers shoes for men sale now rubber shoes men shoes UNISEX BLACK RUNNING SHOE FOR MEN,1.0
391,High-Performance Running Shoes with Cushioning,running shoes for women adi.da.s with box 36 to 40,1.0
392,High-Performance Running Shoes with Cushioning,NEW KOREAN FASHION SHOES RUNNING SHOES GOOD QUALITY,1.0
393,High-Performance Running Shoes with Cushioning,Fashion Running Shoes For Women Breathable Sports Shoes,1.0
394,High-Performance Running Shoes with Cushioning,NEW ARRIVIAL KOREAN SHOES RUNNING SHOES GOOD QUALITY,1.0
395,High-Performance Running Shoes with Cushioning,FILA FUSION Fila Pop Shoes Women's shoes Hard Candy Shoes Wear resistant sports shoes Fashion cushioned running shoes,1.0
396,High-Performance Running Shoes with Cushioning,Korean rubber shoes for women fashion casual shoes slip on sports shoes black shoes running shoes for lady,1.0
397,High-Performance Running Shoes with Cushioning,Girls sport shoes spring  new children's sports shoes boys casual light running shoes old shoes children's non-slip shoes,1.0
398,High-Performance Running Shoes with Cushioning,2023 Asics GEL-KAHANA 8 Retro Trail Running Shoes Outdoor Men's Sports Running Shoes 1011B109-021,1.0
399,High-Performance Running Shoes with Cushioning,Women's sports shoes Running shoes Korean fashion 2023 new rubber casual shoes,1.0
